NAME;LOGO
Asus;
Galaxy;
Samsung;
LG;
BEKO;
Syinix;
SABA;
VEGA;
FRANCO;
BRANDT;
LUXELL;
OCEAN;
SOTUFAB;
OPPO;
TCL;
TORNADO;
EVERTEK;
Trane;
NEWSTAR;
BIOLUX;
MontBlanc;
Orient;
CANDY;
ARNO;
CONDOR;
SIMFER;
Infinix;
FRESH;
HISENSE;
HOOVER;
HAIER;
UNIONAIRE;
GOLD;
MIDEA;
MOULINEX;
KENWOOD;
FLORENCE;
GREE;
WHIRLPOOL;
IGNIS;
XIAOMI;
DYSIS;
NOKIA;
i-plus;
Acer;
KUMTEL;
TOPMATIC;
DELONGHI;
VERMAX;
COALA;
FOCUS;
STAR-ONE;
Premium;
HGE;
FAKIR;
TRISTAR;
TEFAL;
Noir;
PROCOOK;
TELEFUNKEN;
"GAMMA PIU";
ZEROWATT;
VONTECH;
AUXSTAR;
"RUSSELL HOBBS";
SOTACER;
MAXWELL;
"BLACK &amp; DECKER";
DECAKILA;
BABYLISS;
FALCON;
UNO;
"GOLD BRAND";
ROWENTA;
BEPER;
REMINGTON;
MAXISALON;
CROWN;
HONOR;
VEDETTE;
ELLETI;
"MAGIC GAS";
iFFALCON;
BOSCH;
KÄRCHER;
SMARTLINE;
Sony;
STARONE;
"Galaxy natural";
MAXELL;
