Noir;Noir
Bleu;Bleu
"Bleu Nuit";"Bleu Nuit"
Gris;Gris
Inox;Inox
Blanc;Blanc
Silver;Silver
"Noir et Inox";"Noir et Inox"
"Noir et Silver";"Noir et Silver"
Rouge;Rouge
"Rose Gold";"Rose Gold"
Argent;Argent
"Argent platine";"Argent platine"
"Blanc Sable";"Blanc Sable"
"Blanc et Gris";"Blanc et Gris"
"Gris Clair";"Gris Clair"
Jaune;Jaune
"Noir et Blanc";"Noir et Blanc"
Rose;Rose
Sable;Sable
Vert;Vert
Saumon;Saumon
"Blanc et Rouge";"Blanc et Rouge"
"Noir et Argent";"Noir et Argent"
"Verre Noir";"Verre Noir"
Crème;Crème
"Verre Crème";"Verre Crème"
"Blanc et Noir";"Blanc et Noir"
"Dark gray";"Dark gray"
"Inox anti-traces";"Inox anti-traces"
"Dark inox";"Dark inox"
"Noir mat";"Noir mat"
"Rouge Bordeaux";"Rouge Bordeaux"
Nir;Nir
Assortis;Assortis
Orange;Orange
Noyer;Noyer
"Chêne brut et Blanc";"Chêne brut et Blanc"
Taupe;Taupe
Pistache;Pistache
"Marbré et Blanc";"Marbré et Blanc"
"Denver et Beige";"Denver et Beige"
Grege;Grege
"Chêne brut";"Chêne brut"
Wengue;Wengue
"Rivera Beige";"Rivera Beige"
"Chêne Brut et Moka";"Chêne Brut et Moka"
Beige;Beige
"Siroko et Chêne Brut";"Siroko et Chêne Brut"
"Chêne Brut et Mosaico";"Chêne Brut et Mosaico"
"Plum et Blanc";"Plum et Blanc"
"Denver Grege";"Denver Grege"
Siroko;Siroko
"BLANC ET BLEU";"BLANC ET BLEU"
"COTTA CHARBON";"COTTA CHARBON"
"Gris charbon";"Gris charbon"
"Gris Foncé";"Gris Foncé"
Marron;Marron
"Noir Doi";"Noir Doi"
"Blanc et Rose";"Blanc et Rose"
IVOIRE;IVOIRE
"Noir et Rouge";"Noir et Rouge"
"Rouge et Inox";"Rouge et Inox"
"Siroko &amp; Gris";"Siroko &amp; Gris"
"Bleu Turquoise";"Bleu Turquoise"
"Siroko &amp; Blanc";"Siroko &amp; Blanc"
"Dark Gris";"Dark Gris"
Copper;Copper
"Café Noir";"Café Noir"
"Noir et Gold";"Noir et Gold"
"blanc et gold";"blanc et gold"
Chrome;Chrome
Gold;Gold
"Gris Titanium";"Gris Titanium"
Violet;Violet
"Bleu Silver Titanium";"Bleu Silver Titanium"
"Ice Bleu";"Ice Bleu"
"Navy Blue";"Navy Blue"
"Vert Menthe";"Vert Menthe"
"Bleu Light";"Bleu Light"
Corail;Corail
"Noir et Violet";"Noir et Violet"
"Noir et Orange";"Noir et Orange"
"Inox et Rouge";"Inox et Rouge"
"Inox et Vert";"Inox et Vert"
"Blanc cassé";"Blanc cassé"
"Noir et Chrome";"Noir et Chrome"
"Blanc et vert";"Blanc et vert"
"Vert et Blanc";"Vert et Blanc"
"Noir et Gris";"Noir et Gris"
"Dark Silver";"Dark Silver"
"Starry Silver";"Starry Silver"
"Starry Noir";"Starry Noir"
Cyan;Cyan
Framboise;Framboise
Grège;Grège
Champagne;Champagne
Avena;Avena
"Bleu Ciel";"Bleu Ciel"
"Vert Olive";"Vert Olive"
